segundo,fps,latencia,ram_uso,cpu_uso,objetos_detectados
0,5.140897446897177,194.5185661315918,408.08984375,80.2,13
1,5.0597120974328105,197.63970375061035,408.4296875,88.6,13
2,5.059644957851411,197.64232635498047,408.43359375,89.0,9
3,5.132863487230572,194.8230266571045,408.44140625,88.6,6
4,4.984051952064358,200.6399631500244,408.46484375,89.7,8
5,5.0181424886459896,199.27692413330078,408.46484375,89.9,6
6,5.025435679924277,198.9877223968506,408.81640625,89.0,10
7,5.038106174535985,198.4872817993164,408.8203125,89.2,11
8,5.026616124512985,198.94099235534668,408.8203125,87.2,10
9,5.016611987087407,199.33772087097168,408.83203125,88.7,16
10,5.090193289538676,196.4561939239502,408.83203125,89.6,11
11,5.112000019500733,195.6181526184082,408.83203125,88.6,12
12,5.041824637998226,198.34089279174805,408.8359375,87.8,15
13,5.048305678390629,198.08626174926758,408.84375,88.7,15
14,5.102000997457699,196.00152969360352,408.86328125,88.5,14
15,5.076749711624236,196.9764232635498,408.86328125,88.6,11
16,5.138164213332288,194.62203979492188,408.8671875,88.6,11
17,5.1694161349521615,193.44544410705566,408.8671875,88.7,10
18,5.155494370421358,193.9678192138672,408.87109375,88.7,13
19,5.069895176575252,197.24273681640625,408.89453125,89.2,7
20,5.085249964233667,196.64716720581055,408.8984375,88.6,8
21,5.105621741506767,195.8625316619873,408.90234375,89.7,9
22,5.070489688696433,197.2196102142334,408.90234375,88.8,8
23,5.1247105799153765,195.13297080993652,408.90234375,89.5,7
24,5.097294886425091,196.1824893951416,408.921875,89.3,5
25,5.131984235647942,194.8564052581787,408.92578125,90.0,6
26,5.129147564198357,194.96417045593262,408.9296875,89.3,6
27,5.145293085026124,194.352388381958,408.93359375,89.6,6
28,5.217633177462553,191.65778160095215,408.93359375,89.6,5
29,3.7007922509579982,270.21241188049316,408.94921875,87.5,4
30,5.084886228764501,196.66123390197754,408.94921875,89.9,11
31,5.168486103152746,193.4802532196045,408.94921875,89.7,7
32,5.235014390877706,191.02144241333008,408.94921875,89.7,4
33,5.1220070364486086,195.2359676361084,408.95703125,89.6,7
34,3.6735619056294087,272.2153663635254,408.984375,86.4,8
35,5.108451109064956,195.7540512084961,408.984375,89.7,7
36,5.151650705567777,194.11253929138184,408.984375,89.9,3
37,5.170174422187982,193.41707229614258,408.984375,90.0,2
38,5.148931312047552,194.2150592803955,408.984375,88.6,4
39,5.143702976975197,194.4124698638916,408.98828125,88.6,5
40,5.1529418413367685,194.06390190124512,409.015625,89.7,4
41,5.1604228927032185,193.78256797790527,409.015625,90.0,3
42,5.11705794153996,195.42479515075684,409.015625,90.0,4
43,5.137031466630087,194.66495513916016,409.015625,89.9,3
44,5.109104485429632,195.72901725769043,409.015625,90.2,3
45,5.071053684710685,197.19767570495605,409.04296875,88.6,6
46,5.052106156401581,197.9372501373291,409.046875,88.7,8
47,5.110187591453423,195.68753242492676,409.05078125,89.7,5
48,5.050433241338785,198.00281524658203,409.0546875,88.9,6
49,5.082009004948359,196.77257537841797,409.05859375,90.0,3
50,4.940019739802084,202.42834091186523,409.08203125,87.3,4
51,5.033589634965191,198.66538047790527,409.0859375,89.0,6
52,5.135452747831304,194.72479820251465,409.08984375,90.2,4
53,5.13560994722729,194.7188377380371,409.08984375,89.3,4
54,5.147010495753472,194.28753852844238,409.1796875,89.9,3
55,5.160657819294097,193.77374649047852,409.19921875,91.0,2
56,5.147237886030202,194.27895545959473,409.19921875,88.9,4
57,5.190494929919785,192.65985488891602,409.19921875,89.9,2
58,5.224138403477524,191.41912460327148,409.203125,89.6,6
59,5.131927722636597,194.85855102539062,409.20703125,88.7,6
60,5.145255213885539,194.35381889343262,409.23046875,89.6,6
