epoch,time,train/box_loss,train/cls_loss,train/l1_loss,metrics/precision(B),metrics/recall(B),metrics/mAP50(B),metrics/mAP50-95(B),val/box_loss,val/cls_loss,val/l1_loss,lr/pg0,lr/pg1,lr/pg2
1,35.2647,3.44315,9.60119,0.00667,0.00094,0.11149,0.00029,5e-05,2.79106,7.85641,0.00639,0.000512923,0.000512923,0.000512923
2,40.447,2.79791,6.99007,0.00405,0.0012,0.13851,0.00066,0.00022,2.61483,6.93513,0.00513,0.00106827,0.00106827,0.00106827
3,47.3184,2.70293,5.62562,0.0038,0.00211,0.26262,0.00804,0.0047,2.52402,6.68394,0.00497,0.0016223,0.0016223,0.0016223
4,52.4179,2.75826,5.18185,0.00364,0.00215,0.28201,0.11557,0.05183,2.63191,6.37301,0.00491,0.00166248,0.00166248,0.00166248
5,58.6941,2.70668,4.54842,0.00341,0.77074,0.05559,0.26461,0.1086,2.42903,5.73799,0.00474,0.00165897,0.00165897,0.00165897
6,64.4591,2.54795,4.09133,0.00348,0.95321,0.10428,0.33433,0.12243,2.58248,5.24157,0.00516,0.00165446,0.00165446,0.00165446
7,69.5566,2.59891,4.02289,0.0033,0.71858,0.19683,0.33317,0.13683,2.46569,4.54727,0.0048,0.00164897,0.00164897,0.00164897
8,76.7124,2.65887,3.53453,0.00329,0.5524,0.29025,0.33827,0.14674,2.48758,3.93925,0.00492,0.00164249,0.00164249,0.00164249
9,81.8145,2.58206,3.26135,0.00338,0.60673,0.35319,0.42037,0.16577,2.41954,3.34244,0.00467,0.00163503,0.00163503,0.00163503
10,87.1442,2.55038,3.14649,0.00304,0.53477,0.44986,0.46343,0.17488,2.49262,3.13922,0.00463,0.00162661,0.00162661,0.00162661
11,93.6023,2.54058,3.05147,0.00305,0.5909,0.39847,0.39919,0.1491,2.54192,2.97766,0.00464,0.00161724,0.00161724,0.00161724
12,98.6522,2.44661,2.77962,0.00301,0.54946,0.47419,0.46361,0.16395,2.55701,2.74767,0.00475,0.00160691,0.00160691,0.00160691
13,105.43,2.47656,2.67985,0.00287,0.58987,0.42555,0.45156,0.16987,2.44162,2.57963,0.00461,0.00159566,0.00159566,0.00159566
14,111.228,2.51068,2.56356,0.00311,0.63562,0.39065,0.42967,0.17765,2.35096,2.38906,0.00434,0.00158349,0.00158349,0.00158349
15,116.159,2.47637,2.48398,0.00296,0.5695,0.39083,0.38904,0.15083,2.4902,2.33384,0.00482,0.00157041,0.00157041,0.00157041
16,123.476,2.4759,2.33885,0.00298,0.60327,0.42552,0.45244,0.17547,2.37767,2.23002,0.00451,0.00155645,0.00155645,0.00155645
17,128.414,2.41983,2.30854,0.00296,0.5898,0.40789,0.4389,0.18137,2.3854,2.2004,0.00431,0.00154161,0.00154161,0.00154161
18,134.484,2.3972,2.16012,0.00301,0.68231,0.39888,0.44897,0.16892,2.54628,2.18339,0.00448,0.00152593,0.00152593,0.00152593
19,140.688,2.40153,2.11645,0.00288,0.65126,0.41135,0.4554,0.18011,2.50434,2.18738,0.0045,0.00150941,0.00150941,0.00150941
20,146.092,2.372,1.98556,0.00285,0.62913,0.45023,0.47922,0.20076,2.42324,2.22629,0.00447,0.00149207,0.00149207,0.00149207
21,152.904,2.38726,1.96672,0.00288,0.70489,0.42408,0.47802,0.20164,2.31533,1.93572,0.00432,0.00147395,0.00147395,0.00147395
22,157.774,2.3489,1.9465,0.00275,0.72732,0.44061,0.5201,0.21364,2.32819,1.84223,0.00432,0.00145505,0.00145505,0.00145505
23,163.353,2.39295,1.894,0.00291,0.64486,0.46132,0.48193,0.18392,2.51695,1.87929,0.00454,0.00143541,0.00143541,0.00143541
24,169.846,2.33109,1.83557,0.00276,0.60561,0.45733,0.46431,0.18366,2.45071,1.98002,0.00446,0.00141504,0.00141504,0.00141504
25,174.957,2.38138,1.82652,0.00273,0.67206,0.46426,0.49939,0.2081,2.48518,1.87186,0.00434,0.00139398,0.00139398,0.00139398
26,182.01,2.37389,1.79584,0.00273,0.61747,0.44896,0.49897,0.2032,2.4296,1.95679,0.00446,0.00137224,0.00137224,0.00137224
27,187.205,2.32512,1.74014,0.00272,0.70256,0.48453,0.57781,0.24752,2.32184,1.78761,0.00412,0.00134986,0.00134986,0.00134986
28,192.282,2.2694,1.69427,0.00257,0.71237,0.53784,0.58299,0.25556,2.3028,1.69395,0.00412,0.00132685,0.00132685,0.00132685
29,199.234,2.32684,1.68195,0.00264,0.634,0.57326,0.58743,0.24882,2.29429,1.67929,0.00424,0.00130326,0.00130326,0.00130326
30,205.182,2.32794,1.69045,0.00263,0.71663,0.51222,0.57916,0.24716,2.39429,1.67151,0.00432,0.00127911,0.00127911,0.00127911
31,211.775,2.19524,1.60186,0.0025,0.73996,0.46943,0.56506,0.25325,2.30152,1.71054,0.00418,0.00125442,0.00125442,0.00125442
32,216.895,2.30077,1.70915,0.00257,0.73157,0.46106,0.53889,0.24565,2.27577,1.75035,0.00422,0.00122923,0.00122923,0.00122923
33,221.775,2.21639,1.56327,0.00254,0.72034,0.51511,0.5637,0.2439,2.30145,1.62177,0.00414,0.00120356,0.00120356,0.00120356
34,228.667,2.24104,1.53324,0.00253,0.59585,0.51564,0.51743,0.23243,2.29316,1.7208,0.00424,0.00117746,0.00117746,0.00117746
35,233.839,2.24966,1.52566,0.00265,0.61044,0.44805,0.48379,0.20707,2.36709,1.7916,0.00436,0.00115095,0.00115095,0.00115095
36,239.501,2.30529,1.57098,0.0025,0.597,0.47973,0.50062,0.20827,2.43057,1.7795,0.00432,0.00112406,0.00112406,0.00112406
37,246.057,2.23383,1.5141,0.00247,0.64583,0.5102,0.56016,0.23384,2.40259,1.64747,0.00443,0.00109683,0.00109683,0.00109683
38,250.896,2.22537,1.45971,0.00253,0.70412,0.55216,0.59148,0.24555,2.37178,1.60084,0.00455,0.00106928,0.00106928,0.00106928
39,257.928,2.19108,1.40365,0.00256,0.74527,0.52987,0.60043,0.25307,2.33608,1.5396,0.00441,0.00104146,0.00104146,0.00104146
40,262.75,2.27217,1.47854,0.00248,0.73791,0.55317,0.58395,0.25795,2.27683,1.56991,0.00426,0.0010134,0.0010134,0.0010134
41,267.742,2.24143,1.46113,0.00238,0.79029,0.54784,0.59746,0.25772,2.2525,1.59391,0.0043,0.000985123,0.000985123,0.000985123
42,274.995,2.15601,1.33483,0.00246,0.64108,0.53094,0.56048,0.25263,2.32742,1.5585,0.00424,0.000956676,0.000956676,0.000956676
43,280.205,2.16516,1.423,0.00243,0.77224,0.51725,0.59887,0.24425,2.33883,1.54418,0.00439,0.000928088,0.000928088,0.000928088
44,286.339,2.18478,1.41631,0.00264,0.6575,0.61822,0.61141,0.25198,2.33134,1.49782,0.00428,0.000899396,0.000899396,0.000899396
45,292.03,2.07386,1.34279,0.00228,0.68756,0.57444,0.60738,0.248,2.30506,1.55117,0.00417,0.000870633,0.000870633,0.000870633
46,296.896,2.13005,1.3395,0.00239,0.64856,0.53774,0.56782,0.23054,2.3309,1.60127,0.00417,0.000841835,0.000841835,0.000841835
47,303.753,2.11345,1.30277,0.00236,0.62512,0.59544,0.60353,0.24324,2.33982,1.50865,0.00422,0.000813037,0.000813037,0.000813037
48,309.076,2.15255,1.32056,0.00233,0.63595,0.57397,0.58642,0.24455,2.27676,1.53546,0.0042,0.000784274,0.000784274,0.000784274
49,314.212,2.07667,1.28959,0.00223,0.69588,0.53041,0.5979,0.24913,2.34356,1.5058,0.00434,0.000755582,0.000755582,0.000755582
50,320.857,2.10338,1.2711,0.00225,0.66142,0.53698,0.59921,0.25746,2.28691,1.54382,0.00414,0.000726994,0.000726994,0.000726994
51,325.862,2.02333,1.24728,0.00227,0.72778,0.53005,0.60922,0.26234,2.27647,1.53557,0.00418,0.000698547,0.000698547,0.000698547
52,332.208,2.06996,1.29048,0.00221,0.67102,0.5697,0.61071,0.25969,2.39268,1.4814,0.00429,0.000670274,0.000670274,0.000670274
53,338.044,2.09377,1.24993,0.00239,0.70875,0.54682,0.61557,0.26182,2.35955,1.44651,0.00425,0.00064221,0.00064221,0.00064221
54,342.845,2.10537,1.25415,0.00232,0.69589,0.54018,0.6174,0.26327,2.38536,1.45875,0.00425,0.000614389,0.000614389,0.000614389
55,349.835,2.01312,1.18969,0.00217,0.71093,0.54845,0.61904,0.27279,2.2933,1.40844,0.0042,0.000586845,0.000586845,0.000586845
56,355.505,2.01253,1.19698,0.00213,0.69355,0.58453,0.64035,0.27294,2.29874,1.4274,0.00423,0.000559612,0.000559612,0.000559612
57,361.244,2.02366,1.21455,0.0022,0.67458,0.61843,0.6418,0.27547,2.30575,1.43417,0.00419,0.000532723,0.000532723,0.000532723
58,367.195,1.95131,1.13609,0.0021,0.64825,0.59355,0.61633,0.27081,2.33027,1.44808,0.00419,0.00050621,0.00050621,0.00050621
59,372.074,1.98833,1.16559,0.00223,0.75419,0.51422,0.62249,0.27463,2.29759,1.4222,0.00417,0.000480106,0.000480106,0.000480106
60,379.714,2.03033,1.1836,0.00217,0.65333,0.57548,0.61436,0.26707,2.36909,1.46746,0.00415,0.000454443,0.000454443,0.000454443
61,384.712,2.04801,1.22091,0.00213,0.80823,0.50806,0.62611,0.27279,2.28809,1.46583,0.00396,0.000429253,0.000429253,0.000429253
62,389.771,1.97682,1.21062,0.00219,0.7791,0.5176,0.62259,0.27494,2.27414,1.45692,0.00393,0.000404564,0.000404564,0.000404564
63,396.516,1.96446,1.15836,0.0021,0.68436,0.58393,0.63034,0.26839,2.3332,1.44248,0.00414,0.000380409,0.000380409,0.000380409
64,401.961,1.97572,1.20323,0.00211,0.76978,0.54014,0.62552,0.26873,2.29335,1.48831,0.0041,0.000356815,0.000356815,0.000356815
65,408.841,1.95692,1.17767,0.00206,0.74184,0.57041,0.63759,0.27926,2.25202,1.47637,0.00402,0.000333813,0.000333813,0.000333813
66,414.921,1.97049,1.19588,0.00207,0.73535,0.57399,0.63516,0.27774,2.25339,1.46215,0.00406,0.000311429,0.000311429,0.000311429
67,420.005,1.94863,1.16013,0.00206,0.71375,0.57397,0.63566,0.28018,2.27712,1.4101,0.00409,0.000289692,0.000289692,0.000289692
68,427.376,1.92272,1.12311,0.00204,0.77258,0.56686,0.64953,0.28127,2.29204,1.4017,0.00414,0.000268627,0.000268627,0.000268627
69,432.306,1.85493,1.14922,0.00199,0.81656,0.57326,0.65461,0.27889,2.31455,1.4558,0.00418,0.000248261,0.000248261,0.000248261
70,438.677,1.93659,1.15385,0.00207,0.78118,0.57355,0.65028,0.27853,2.27986,1.46291,0.0041,0.000228618,0.000228618,0.000228618
71,444.077,1.93335,1.14739,0.00202,0.71296,0.59371,0.64929,0.2832,2.27537,1.46681,0.00408,0.000209722,0.000209722,0.000209722
72,449.69,1.92938,1.12525,0.002,0.71458,0.60704,0.64789,0.28118,2.27177,1.47293,0.00405,0.000191596,0.000191596,0.000191596
73,457.535,1.95493,1.15978,0.00199,0.72518,0.59176,0.65914,0.28145,2.26476,1.4746,0.00401,0.000174262,0.000174262,0.000174262
74,462.463,1.85665,1.10102,0.00207,0.68638,0.59353,0.63451,0.27683,2.27133,1.47446,0.00401,0.000157742,0.000157742,0.000157742
75,468.609,1.87707,1.10818,0.002,0.70541,0.61785,0.65502,0.28304,2.28228,1.4713,0.00404,0.000142055,0.000142055,0.000142055
76,474.533,1.87573,1.11896,0.00201,0.71486,0.61661,0.65327,0.28422,2.29147,1.48837,0.00401,0.000127221,0.000127221,0.000127221
77,479.608,1.91826,1.17822,0.00196,0.70524,0.6202,0.65597,0.28331,2.27393,1.48452,0.00399,0.000113258,0.000113258,0.000113258
78,486.689,1.85957,1.10083,0.00196,0.69705,0.60704,0.65296,0.28085,2.25974,1.46999,0.00395,0.000100182,0.000100182,0.000100182
79,492.008,1.90964,1.12125,0.00197,0.7038,0.60366,0.65513,0.2827,2.26545,1.46013,0.00394,8.80093e-05,8.80093e-05,8.80093e-05
80,497.159,1.93749,1.16039,0.00192,0.72377,0.59708,0.66064,0.28376,2.25914,1.46573,0.00394,7.67553e-05,7.67553e-05,7.67553e-05
81,505.879,1.91098,1.15989,0.00218,0.73587,0.56063,0.6204,0.27498,2.28238,1.47414,0.00405,6.64335e-05,6.64335e-05,6.64335e-05
82,510.409,1.87975,1.17103,0.00212,0.75448,0.57046,0.61619,0.27412,2.31079,1.46402,0.00409,5.70564e-05,5.70564e-05,5.70564e-05
83,516.557,1.87495,1.13301,0.00217,0.75636,0.57609,0.61406,0.27108,2.31786,1.47676,0.0041,4.86355e-05,4.86355e-05,4.86355e-05
84,521.308,1.8664,1.14261,0.00217,0.73926,0.56341,0.60302,0.26238,2.33975,1.46281,0.00414,4.11809e-05,4.11809e-05,4.11809e-05
85,525.656,1.84896,1.12561,0.00212,0.74533,0.55388,0.60313,0.2634,2.33134,1.48727,0.00411,3.47018e-05,3.47018e-05,3.47018e-05
86,531.499,1.91596,1.16641,0.00214,0.74328,0.54529,0.60097,0.26255,2.32885,1.48609,0.0041,2.92061e-05,2.92061e-05,2.92061e-05
87,536.262,1.8167,1.09726,0.00204,0.74238,0.54678,0.60059,0.26138,2.33252,1.48445,0.0041,2.47004e-05,2.47004e-05,2.47004e-05
88,540.604,1.82995,1.12588,0.00212,0.73709,0.54401,0.59725,0.25864,2.33009,1.48461,0.0041,2.11903e-05,2.11903e-05,2.11903e-05
89,546.183,1.86672,1.09208,0.00209,0.74001,0.54392,0.59741,0.25816,2.33176,1.48146,0.00412,1.86801e-05,1.86801e-05,1.86801e-05
90,551.343,1.83303,1.12448,0.00208,0.73278,0.53941,0.5879,0.25501,2.3397,1.48328,0.00412,1.71727e-05,1.71727e-05,1.71727e-05
